持股,候选,年化收益,夏普,最大回撤,平均换手,平均年成本
10,20,0.21648255586716858,0.5423232735626266,-0.4331437951827045,0.0958402049461118,0.036469114786094464
10,30,0.21648255586716858,0.5423232735626266,-0.4331437951827045,0.0958402049461118,0.036469114786094464
10,50,0.21648255586716858,0.5423232735626266,-0.4331437951827045,0.0958402049461118,0.036469114786094464
20,40,0.3668867533865796,0.9992218288374731,-0.342791845660784,0.09553778604221731,0.03635403834478453
20,60,0.3668867533865796,0.9992218288374731,-0.342791845660784,0.09553778604221731,0.03635403834478453
20,100,0.3668867533865796,0.9992218288374731,-0.342791845660784,0.09553778604221731,0.03635403834478453
30,60,0.27923961810672115,0.7932660677778635,-0.3645395974546538,0.09547708375187097,0.036330939909261936
30,90,0.27923961810672115,0.7932660677778635,-0.3645395974546538,0.09547708375187097,0.036330939909261936
30,150,0.27923961810672115,0.7932660677778635,-0.3645395974546538,0.09547708375187097,0.036330939909261936
50,100,0.3066576532725631,0.8904129148243008,-0.353253241060968,0.09463160046388626,0.03600921660851801
50,150,0.3066576532725631,0.8904129148243008,-0.353253241060968,0.09463160046388626,0.03600921660851801
50,250,0.3066576532725631,0.8904129148243008,-0.353253241060968,0.09463160046388626,0.03600921660851801
