因子,窗口,全,大,中,小,基准
rev5,0,0.05823108834679647,0.4936236873642117,0.2943209086158103,0.33874394594838186,0.3192045166536752
rev5,1,-0.029100006679255164,0.5031341677277628,-0.04038407350461759,-0.13176019865675592,0.21139809969606582
rev5,2,0.3250231605307916,0.37219955084313905,0.4655035058258763,0.11411954177607075,0.26937450833938925
rev5,3,0.05229918483156726,0.07533626001015192,0.12947165068312882,-0.15889330940125623,-0.10870308812143425
rev5,4,0.22811589329700843,-0.017389472728660538,0.036820809864895,0.3438121746855449,0.11265982582450706
rev5,5,0.4554176691423497,0.15139793039340277,0.40876216121683284,0.25521905641952936,0.05789681505546418
rev5,6,0.3592738096246266,0.4272324601904929,0.24763628841955176,0.13305196801183428,0.40152132287457754
rev20,0,0.13696691607254285,0.6139807460355275,0.4248978908608039,0.02448119118757819,0.3192045166536752
rev20,1,-0.11533415469337227,0.2362872134436056,0.2612546951341006,-0.09066977925571906,0.21139809969606582
rev20,2,0.3636820577805697,-0.0008919624236275459,0.31746209710926143,0.22183833936630593,0.26937450833938925
rev20,3,-0.09687429454936047,0.009623699931836427,-0.084346606984262,-0.10932370416743087,-0.10870308812143425
rev20,4,0.01637451404078205,-0.016587991797859858,0.030735480409796567,-0.05932744934269241,0.11265982582450706
rev20,5,0.4908042564791013,0.23379749535102556,0.33697023966018014,0.45346758015749833,0.05789681505546418
rev20,6,0.34094550244071375,0.351551913248648,0.3809406927624406,0.23519127522473005,0.40152132287457754
