annual_long_gross,annual_long_net,turnover,rebalance_days,buffer_frac
0.057673401586809434,0.05592746068853549,0.0006928336897912463,60,0.1
0.057673401586809434,0.05542428269052362,0.0008925074985261148,20,0.1
0.057673401586809434,0.05486037631344136,0.0011162798703841569,10,0.1
0.057673401586809434,0.05446564184948377,0.0012729205306847866,5,0.1
0.057673401586809434,0.05394077514466105,0.0014812009691065025,1,0.1
0.057673401586809434,0.05216587286972212,0.00218552726868544,60,0.3
0.057673401586809434,0.05216587286972212,0.00218552726868544,60,0.2
0.057673401586809434,0.05071109493144162,0.0027628201013364328,20,0.3
0.057673401586809434,0.05071109493144162,0.0027628201013364328,20,0.2
0.057673401586809434,0.04984039947882896,0.0031083341698335196,10,0.3
0.057673401586809434,0.04984039947882896,0.0031083341698335196,10,0.2
0.057673401586809434,0.049141237544312065,0.0033857793819434007,5,0.3
0.057673401586809434,0.049141237544312065,0.0033857793819434007,5,0.2
0.057673401586809434,0.04825100029849862,0.003739048130282068,1,0.2
0.057673401586809434,0.04825100029849862,0.003739048130282068,1,0.3
0.057673401586809434,0.03140056303761318,0.010425729583014385,60,0.0
0.057673401586809434,0.01888368854662987,0.015392743269912525,20,0.0
0.057673401586809434,0.010114054349227485,0.018872756840310298,10,0.0
0.057673401586809434,-0.0005634142693375851,0.023109847561963104,5,0.0
0.057673401586809434,-0.03748098774548757,0.03775967830646706,1,0.0
