code,date,close_q,close_adj,prev_q,ret_q,ret_a,board,over_nominal
sh600095,2021-05-26,13.5,13.087012987012988,12.34,0.09400324149108585,,main,False
sh600136,2016-05-12,25.92,25.722375601926164,47.12,-0.4499151103565364,,main,True
sh600162,2024-06-06,1.5,1.4913222763700469,1.83,-0.180327868852459,,main,True
sh600361,2024-06-28,4.03,3.86053284312895,3.73,0.08042895442359255,,main,False
sh601177,2023-06-01,11.98,11.735277909738718,10.89,0.10009182736455458,,main,False
sh601216,2022-06-07,4.69,3.72434713748816,4.42,0.06108597285067874,,main,False
sh601228,2017-07-17,7.3,6.583798379837984,8.13,-0.10209102091020916,,main,True
sh601788,2020-07-24,23.46,21.510040952525408,26.11,-0.10149368058215236,,main,True
sh603012,2016-06-15,14.040000000000001,12.231173106913882,25.580000000000002,-0.4511336982017201,,main,True
sh603015,2023-06-15,9.22,8.950304052554486,8.43,0.09371293001186243,,main,False
sh603027,2018-04-26,19.06,4.487202384403957,21.31,-0.10558423275457529,,main,True
sh603039,2018-05-15,81.07000000000001,26.537263589472296,109.22,-0.2577366782640541,,main,True
sh603045,2023-07-05,18.32,18.124233023095485,16.69,0.09766327142001185,,main,False
sh603078,2018-05-04,44.4,11.568747918131683,56.81,-0.21844745643372654,,main,True
sh603106,2019-06-20,10.120000000000001,7.681953895658596,12.02,-0.1580698835274541,,main,True
sh603127,2024-07-31,15.13,15.070818617333028,13.91,0.08770668583752705,,main,False
sh603178,2024-06-25,22.29,22.241602945341263,20.26,0.10019743336623876,,main,False
sh603196,2023-06-01,22.47,22.329436997319036,24.97,-0.10012014417300763,,main,False
sh603336,2019-05-16,20.080000000000002,8.037784592509992,23.84,-0.15771812080536907,,main,True
sh603348,2023-07-18,50.83,50.122951600609746,46.36,0.09641932700603961,,main,False
sh603398,2016-06-07,44.76,31.471874999999997,89.72,-0.5011145786892555,,main,True
sh603499,2019-06-19,21.580000000000002,7.690905898876405,27.67,-0.22009396458258035,,main,True
sh603528,2017-06-07,15.02,14.394621042330881,41.44,-0.6375482625482625,,main,True
sh603618,2016-04-06,17.46,16.06881772651389,47.76,-0.6344221105527638,,main,True
sh603636,2017-04-07,26.61,21.897948309652133,96.92,-0.7254436648782501,,main,True
sh603669,2018-05-10,16.17,7.304361999379076,20.98,-0.2292659675881792,,main,True
sh603676,2018-05-30,20.580000000000002,17.65609443161406,22.95,-0.103267973856209,,main,True
sh603676,2022-06-06,10.1,8.991600376357882,9.34,0.0813704496788008,,main,False
sh603677,2017-05-25,30.67,18.47772306826575,47.75,-0.35769633507853404,,main,True
sh603722,2019-05-15,28.82,27.626304368336633,26.400000000000002,0.09166666666666656,,main,False
sh603809,2018-05-30,23.1,4.102396702374488,36.94,-0.3746616134271792,,main,True
sh603893,2025-01-21,158.13,156.33272201887883,144.0,0.09812500000000002,,main,False
sh603906,2020-06-04,10.84,7.643258694616484,9.98,0.08617234468937873,,main,False
sh603976,2020-07-08,52.36,49.040640458214014,47.92,0.09265442404006663,,main,False
sh603986,2018-05-21,131.35,65.34872085005568,167.56,-0.21610169491525433,,main,True
sh605060,2026-07-06,57.52,57.52,52.64,0.09270516717325239,,main,False
sh605117,2021-06-28,126.5,16.472972972972972,115.8,0.09240069084628666,,main,False
sh605337,2021-05-27,56.65,26.84924369747899,72.60000000000001,-0.21969696969696983,,main,True
sh605376,2026-06-25,246.84,246.84,224.5,0.0995100222717149,,main,False
sz000545,2022-05-30,4.01,4.01,3.84,0.04427083333333326,,main,False
sz000733,2021-07-14,67.89,64.33371833404894,61.870000000000005,0.09730079198319053,,main,False
sz000750,2016-05-31,7.66,6.187076602397083,10.540000000000001,-0.2732447817836813,,main,True
sz000962,2024-11-28,16.89,16.748976891868054,15.4,0.09675324675324681,,main,False
sz001228,2024-11-28,24.28,23.4732738150023,22.42,0.08296164139161455,,main,False
sz001283,2023-05-17,50.93,38.34792133991326,46.6,0.09291845493562234,,main,False
sz001289,2026-06-26,17.57,17.57,16.03,0.09606986899563319,,main,False
sz001319,2024-06-25,16.53,15.606417112299468,15.030000000000001,0.09980039920159678,,main,False
sz002119,2019-05-21,13.280000000000001,13.064234800838577,15.72,-0.15521628498727735,,main,True
sz002478,2017-04-26,6.2700000000000005,4.848977359366195,14.94,-0.5803212851405621,,main,True
sz002495,2016-09-26,7.65,7.535209756994455,9.73,-0.21377183967112023,,main,True
sz002686,2018-07-17,8.77,8.596956339210745,8.040000000000001,0.09079601990049735,,main,False
sz002747,2017-06-07,12.61,12.346150008047642,34.57,-0.6352328608620191,,main,True
sz002789,2016-06-14,68.11,39.51720903300521,62.02,0.09819413092550788,,main,False
sz002803,2026-06-24,26.13,26.13,23.93,0.09193480986209779,,main,False
sz002805,2023-06-01,21.330000000000002,21.330000000000002,19.39,0.10005157297576073,,main,False
sz002824,2021-07-08,37.37,25.472318509561557,34.03,0.09814869233029677,,main,False
sz002824,2026-06-04,27.45,27.45,25.12,0.09275477707006363,,main,False
sz002842,2019-06-11,15.49,15.175137944537395,22.62,-0.3152077807250221,,main,True
sz002847,2018-05-30,36.88,15.443911761040258,41.18,-0.10441962117532777,,main,True
sz002866,2023-05-16,30.66,30.569731627222282,27.91,0.0985309924758151,,main,False
sz002867,2018-08-28,29.22,9.090006281594926,26.560000000000002,0.10015060240963836,,main,False
sz002871,2019-06-03,24.150000000000002,10.40745549424484,22.150000000000002,0.09029345372460496,,main,False
sz002875,2020-01-02,17.26,13.279242865463017,15.69,0.10006373486297027,,main,False
sz002878,2020-01-02,32.62,17.720263157894735,29.650000000000002,0.10016863406408083,,main,False
sz002884,2019-05-24,15.13,6.620638480626073,28.400000000000002,-0.46725352112676055,,main,True
sz002885,2018-06-12,31.96,14.983586512367822,43.65,-0.2678121420389461,,main,True
sz002919,2023-05-31,39.230000000000004,32.24916569428238,46.33,-0.1532484351392185,,main,True
sz002931,2026-07-08,64.43,64.43,71.64,-0.10064209938581792,,main,True
sz002982,2025-05-30,16.38,16.249482071713146,20.94,-0.2177650429799428,,main,True
sz003001,2024-06-25,18.21,12.842234548335973,16.55,0.10030211480362539,,main,False
sz003004,2024-06-25,25.34,25.34,23.04,0.09982638888888884,,main,False
sz003019,2022-06-28,25.71,20.581164185137776,27.330000000000002,-0.059275521405049436,,main,False
sz003028,2022-06-30,48.86,35.87647144099739,54.29,-0.1000184195984527,,main,False
sz003032,2024-06-25,10.01,10.01,9.1,0.10000000000000009,,main,False
sz300643,2024-06-25,14.200000000000001,13.927505330490407,11.83,0.20033812341504653,,gem,False
sz300672,2021-07-16,144.19,141.68043358778627,120.48,0.1967961487383798,,gem,False
sz300814,2023-07-13,28.57,28.363416064100058,23.97,0.19190654985398425,,gem,False
sz300873,2026-07-01,28.72,28.72,33.77,-0.1495410127331953,,gem,False
sz300895,2023-05-31,37.81,37.83595058339053,34.660000000000004,0.09088286208886309,,gem,False
sz300921,2023-06-07,28.8,14.504713169943443,24.2,0.1900826446280992,,gem,False
sz301387,2024-05-29,36.08,35.8876998684848,42.6,-0.15305164319248832,,gem,False
sz301421,2024-10-15,61.97,61.70051195888515,51.71,0.19841423322374774,,gem,False
sz301456,2024-06-25,24.04,23.526235373754957,20.03,0.2001997004493259,,gem,False
sz302132,2020-09-10,14.5,14.176458938473727,16.26,-0.1082410824108242,,gem,False
sz302132,2020-09-21,16.47,16.10250198045947,14.92,0.10388739946380698,,gem,False
sz302132,2022-04-25,11.05,10.841736532875629,12.65,-0.1264822134387351,,gem,False
sz302132,2022-04-28,9.35,9.173777066279378,10.950000000000001,-0.14611872146118732,,gem,False
sz302132,2023-02-03,15.24,15.020675996831267,12.700000000000001,0.19999999999999996,,gem,False
sz302132,2023-02-06,18.29,18.02678241351994,15.24,0.20013123359580054,,gem,False
sz302132,2023-02-07,21.95,21.634110113546345,18.29,0.20010934937124114,,gem,False
sz302132,2023-02-08,26.34,25.960932136255614,21.95,0.19999999999999996,,gem,False
sz302132,2023-02-09,31.61,31.155089780829154,26.34,0.20007593014426717,,gem,False
sz302132,2023-02-10,37.93,37.384136519672566,31.61,0.19993672888326475,,gem,False
sz302132,2023-02-13,45.52,44.86490625825192,37.93,0.20010545742156616,,gem,False
sz302132,2023-02-14,51.800000000000004,51.05452865064696,45.52,0.1379613356766256,,gem,False
sz302132,2023-03-06,60.51,59.63918008978084,53.14,0.1386902521640947,,gem,False
sz302132,2023-03-10,53.2,52.43438077634012,62.36,-0.1468890314304041,,gem,False
sz302132,2023-07-27,57.910000000000004,57.11482703987326,48.26,0.19995855781185257,,gem,False
sz302132,2024-09-30,52.980000000000004,52.25252178505414,46.15,0.14799566630552552,,gem,False
sz302132,2024-10-08,63.15,62.2828756271455,52.980000000000004,0.19195922989807457,,gem,False
sz302132,2024-10-10,70.0,69.0388170055453,60.76,0.15207373271889413,,gem,False
sz302132,2024-10-11,58.06,57.262767362028,70.0,-0.17057142857142849,,gem,False
sz302132,2024-10-14,69.67,68.71334829680487,58.06,0.19996555287633488,,gem,False
sz302132,2024-11-05,93.21000000000001,91.93011618695539,83.15,0.12098616957306074,,gem,False
sz302132,2025-04-07,51.38,50.67449168207025,59.52,-0.136760752688172,,gem,False
sz302132,2025-05-07,69.33,68.37801689992078,59.230000000000004,0.17052169508694903,,gem,False
sz302132,2025-05-08,83.2,82.05756535516241,69.33,0.2000576950814943,,gem,False
sz302132,2025-05-12,95.86,94.54372854502245,79.88,0.20005007511266903,,gem,False
sz302132,2025-06-13,88.0,86.79165566411407,79.10000000000001,0.11251580278128936,,gem,False
sz302132,2025-08-22,99.36,98.72866913123845,90.11,0.1026523138386417,,gem,False
sz302132,2025-09-03,90.99,90.41185189463955,106.22,-0.1433816607041989,,gem,False
sz302132,2026-06-12,63.81,63.40455291127542,57.6,0.10781250000000009,,gem,False
