因子,IC,ICIR,t值,换手率,毛收益,年成本,净收益,盈亏平衡换手
vol60,-0.04037388136222541,-0.2140510971853812,-10.133008023989767,0.05149123247541955,-0.00036748365347324724,0.0005149123247541955,-0.0008823959782274427,-0.03674836534732472
downvol60,-0.026622493952458328,-0.14916443270356172,-7.109997438757463,0.06709494666339863,-0.0003867782868757333,0.0006709494666339863,-0.0010577277535097195,-0.03867782868757333
amount20,-0.03887773336362367,-0.2681980105756612,-12.811895039560946,0.04037394729378853,-0.0011942454156125127,0.0004037394729378853,-0.001597984888550398,-0.11942454156125128
pos250,-0.029339754389708265,-0.21684308901981283,-9.670812806248332,0.14549115816738634,-0.0003593855540980817,0.0014549115816738633,-0.001814297135771945,-0.03593855540980817
mom120_skip20,-0.02333863677509794,-0.1598391631403557,-7.430372399593265,0.136766282424669,-0.000500387040383351,0.0013676628242466902,-0.0018680498646300413,-0.050038704038335095
mom60_skip20,-0.027220842795568512,-0.1779985412713588,-8.388623881364508,0.17370500227841162,-0.0004983238010245999,0.0017370500227841164,-0.0022353738238087163,-0.04983238010245999
rev20,0.03730443105666647,0.24164469155424118,11.54090594439715,0.302628222652934,0.0004700561527026445,0.00302628222652934,-0.0025562260738266956,0.04700561527026444
mom20,-0.03730443105666647,-0.24164469155424118,-11.54090594439715,0.30262490086860516,-0.00047043133287633413,0.003026249008686052,-0.003496680341562386,-0.04704313328763341
volratio5_60,-0.04528525594131078,-0.3980432777250899,-18.84725462798925,0.24544161197279973,-0.0010653510410891624,0.0024544161197279975,-0.00351976716081716,-0.10653510410891624
rev5,0.04072559127291835,0.271228105444191,12.996327064975418,0.4933636668237494,0.0003721884182140504,0.004933636668237493,-0.004561448250023443,0.03721884182140504
