,IC_1,IC_20,IC_60,IC_120
low_vol_120,0.02986849108342137,0.019131847552587046,-0.03767308773208053,-0.14260186326724109
low_vol_60,0.031138836636582668,-0.013568978198271903,-0.14949357085273846,-0.20302117507501874
bp,-0.0020853294375105177,-0.06014350792662242,-0.11172819873586685,-0.14861903773773738
cf_quality,0.0024408793762101585,0.005434835167447041,0.007832025681022346,0.015061238236617596
ep,0.00018428198114332358,-0.035914357067826266,-0.053571588608893723,-0.054787011064296856
roe,0.000996327205086835,-0.017886384650009024,-0.024751068475982026,-0.011941549985001148
skew_60,-0.006255283017095547,0.13869609283360906,0.3040689633365519,0.19564775735166987
range_20,-0.03469861628484351,0.16660174811208797,0.26931121793389995,0.27380506247126973
vol_ratio_20_60,-0.010283062025701433,0.2313367141072488,0.14556496710937547,0.06266615208681119
idio_vol_20,0.03441340424458307,-0.19709045289829247,-0.2639572622464424,-0.2510570404498508
max_ret_20,0.0011040561786805848,-0.3358091158326422,-0.2790947197585666,-0.24017300492338553
price_pos250,-0.07962864057246523,-0.354332641671831,-0.5232869384912343,-0.6166371590606239
drawdown_60,0.15770124369390554,0.5013696154307219,0.47894810106515184,0.2528584994497959
amihud_20,0.027677223473859387,0.006910768031825195,-0.07008588241539712,-0.09295088875628744
illiq_accel,0.055417700450238486,0.24108024525044972,0.05464197266246226,0.027699774177318354
turnover_20,-0.024358280817377585,0.07184216404069316,0.13565938826840582,0.1408198187550651
volume_shock,0.017255021001902675,-0.2819142626226928,-0.18013191704939588,-0.055807576338567214
