因子,区间,标的数,日期数,IC均值,ICIR,t值,多空年化,多空净,说明
amount20,2016-2018,3050,652,-0.03626515034604455,-0.3216454509147107,-8.212988436213164,-0.27721470643332424,-0.3995171749999469,
amount20,2019-2022,4364,912,-0.037062724115760705,-0.26381542435170624,-7.9670511013043095,-0.27744833286025733,-0.3736984195667839,
amount20,2023-2026,5264,848,-0.04589635602474861,-0.2846230260280357,-8.288347626014595,-0.3312288845087466,-0.4311896271376856,
downvol60,2016-2018,3050,639,-0.022688226744113502,-0.12880072840007256,-3.255882685179664,-0.20569621084643816,-0.39909816625746064,
downvol60,2019-2022,4364,912,-0.03038512609299523,-0.18522583246054336,-5.593697472849204,-0.17303020647991377,-0.34914677111773634,
downvol60,2023-2026,5264,848,-0.030302481837670172,-0.14469232007606375,-4.213503961154775,0.029508858999301207,-0.12391365347340065,
hhhl20,2016-2018,3050,632,-0.015353809403728907,-0.14263535667775237,-3.585797264757261,-0.06540741812875549,-0.19030410474746715,
hhhl20,2019-2022,4364,912,-0.023000653914458137,-0.1931521368307991,-5.833066615565179,-0.08435982046720022,-0.20514770304401936,
hhhl20,2023-2026,5264,848,-0.023288050973852652,-0.18252544413985905,-5.315221163711627,-0.10186450194489723,-0.22021034841805368,
mom120_skip20,2016-2018,3050,531,-0.010627241326066603,-0.0785938878379871,-1.811073322125651,0.042184135171545345,-0.30980388478062343,
mom120_skip20,2019-2022,4364,912,-0.025159255113508666,-0.17794098077570947,-5.373699776425207,-0.08742929013221593,-0.44307650861715264,
mom120_skip20,2023-2026,5264,848,-0.02836601902870892,-0.16919221119925826,-4.9269515597638325,-0.06499975835453524,-0.4254437792992552,
mom20,2016-2018,3050,651,-0.04389721161203669,-0.29229445440432,-7.457805796423163,-0.10314876689398834,-0.8655174653594512,
mom20,2019-2022,4364,912,-0.03596237960974526,-0.24695140463268578,-7.457768874137327,-0.04732056620288153,-0.8137450585697009,
mom20,2023-2026,5264,848,-0.04166947272397485,-0.24582870316738112,-7.158639891991426,-0.11282199660209698,-0.8877489096116268,
mom60_skip20,2016-2018,3050,591,-0.020557771175495957,-0.14711123448795155,-3.5763464247368875,-0.03438209657473262,-0.4787715761277557,
mom60_skip20,2019-2022,4364,912,-0.030556761741026513,-0.2030148724129614,-6.130914698461895,-0.11057976157406416,-0.5616933863038823,
mom60_skip20,2023-2026,5264,848,-0.03141907319177448,-0.1847645162941625,-5.380423929045055,-0.061526227198192306,-0.5149159343423139,
pos250,2016-2018,3050,731,,,,,,"失败 MaxLossExceededError: max_loss (50.0%) exceeded 52.4%, consider increasing it."
pos250,2019-2022,4364,902,-0.02790193344055033,-0.19659587027257794,-5.9044256672283995,-0.012357338444855493,-0.36550046921888035,
pos250,2023-2026,5264,830,-0.027748933110005747,-0.1930091958778505,-5.560541002954119,-0.04241440484522759,-0.4165993852424831,
rev20,2016-2018,3050,651,0.04389721161203669,0.29229445440432,7.457805796423163,0.10338872595456024,-0.6589773893203645,
rev20,2019-2022,4364,912,0.03596237960974526,0.24695140463268578,7.457768874137327,0.04742968173302886,-0.7190066955137823,
rev20,2023-2026,5264,848,0.04166947272397485,0.24582870316738112,7.158639891991426,0.1128253324389493,-0.6621155727043146,
rev5,2016-2018,3050,666,0.061942366756767106,0.435394339614198,11.236211186371662,0.16359246355586915,-1.0881412902208807,
rev5,2019-2022,4364,912,0.03829677415664902,0.27431742303357676,8.284204506454525,0.04001310811174816,-1.2022292195571964,
rev5,2023-2026,5264,848,0.03328759102704225,0.19721367460198524,5.742948891085051,0.02500218682260614,-1.2138094965055155,
vol60,2016-2018,3050,611,-0.03788235228814099,-0.21748233554506768,-5.375818448710667,-0.20865234018604242,-0.3536984177219964,
vol60,2019-2022,4364,912,-0.042951259056689596,-0.24405542577984823,-7.370312230669452,-0.15234291989432355,-0.28895035245413075,
vol60,2023-2026,5264,848,-0.04369431167833876,-0.19775043349975388,-5.75857954612427,0.04737462087667954,-0.07367395323262511,
volratio5_60,2016-2018,3050,612,-0.045517258350740275,-0.41468254665377624,-10.258679645721855,-0.23576771170233,-0.8850133305262131,
volratio5_60,2019-2022,4364,912,-0.04304585090726311,-0.37741533329060434,-11.397693118706366,-0.20510405022202544,-0.8202183569672823,
volratio5_60,2023-2026,5264,848,-0.04626816680607262,-0.3979838749560603,-11.589465375367183,-0.21933238849309272,-0.8256543524365563,
