因子,IC均值,ICIR,IC样本数,多空年化毛,多空年化净,平均换手
rev5,0.04391769940192096,0.29153666275640483,2546,0.08487800053636695,-1.1604105264042817,0.49416211386533676
rev20,0.040897047453431735,0.26270595741584724,2531,0.1019089536761069,-0.6676546397382088,0.30538237833901416
hhhl20,-0.021926893929107277,-0.18413664023534415,2512,-0.10109987770252472,-0.22241141335266307,0.08023249712310739
mom120_skip20,-0.024360179319166553,-0.1618842118793131,2411,-0.07833747323979394,-0.43681517047102125,0.14225305445683623
pos250,-0.02746862713177194,-0.1917019294430366,2236,-0.028785093933438657,-0.40025409514723936,0.1474083338150003
downvol60,-0.027888099926499498,-0.15234977539660863,2519,-0.10685532663113335,-0.2797261918462699,0.06859954968854626
mom60_skip20,-0.028433975034676186,-0.18403014492702677,2471,-0.08425477334581684,-0.5355343245391159,0.17907918698146785
amount20,-0.04039645273760585,-0.28798203836299124,2532,-0.31003731156261194,-0.4144450355669624,0.041431636509662875
mom20,-0.040897047453431735,-0.26270595741584724,2531,-0.10185552481698486,-0.8714082236617465,0.3053780550971276
vol60,-0.04158360577486833,-0.21718120634596008,2491,-0.0941587629413429,-0.22753929684043808,0.052928783293291745
volratio5_60,-0.04545854453301832,-0.3984261575110015,2492,-0.23128427402497959,-0.8525337053322011,0.24652755210604024
