方案,年化,超额vs指数,口径
Qlib LightGBM,0.0901,0.05343836382078103,官方基准，未明确计成本
Qlib XGBoost,0.078,0.04133836382078103,官方基准，未明确计成本
Qlib MLP,0.0895,0.052838363820781026,官方基准，未明确计成本
Qlib DoubleEnsemble,0.1158,0.07913836382078103,官方基准，未明确计成本
Qlib GRU,0.0344,-0.0022616361792189704,官方基准，未明确计成本
Qlib LSTM,0.0381,0.0014383638207810315,官方基准，未明确计成本
Qlib Transformer,0.0273,-0.009361636179218969,官方基准，未明确计成本
Qlib Linear,0.0692,0.03253836382078103,官方基准，未明确计成本
Qlib CatBoost,0.0765,0.03983836382078103,官方基准，未明确计成本
本项目 多空毛,-0.04845795892876909,-0.08511959510798806,扣费前，多空，需融券
本项目 多空净,-0.14317336133160763,-0.1798349975108266,扣20bp，多空
本项目 多头缓冲区净,0.11735074370510014,0.08068910752588117,扣20bp，多头，可执行
【基准】沪深300指数,0.03666163617921897,0.0,市值加权，正确基准
【基准】CSI300等权,0.11784742658277574,0.08118579040355677,含小盘暴露
