因子,区间,标的数,日期数,IC均值,ICIR,t值,多空年化,多空净
bp,2016-2018,3161,671,0.018856988331844484,0.1327755410364375,3.4393734928959145,0.0004305238467789637,8.626035460206885e-05
bp,2019-2022,4560,912,0.024217582073452648,0.1617141102260886,4.883659032216373,0.000467159264661977,0.00011840446000340311
bp,2023-2026,4925,848,0.03456099961248092,0.21860445719853572,6.365857882767439,0.00031303923197180324,-3.2800190061134404e-05
ep,2016-2018,3161,671,0.02276019430020505,0.2255902002056969,5.843613581146168,0.001256488064219695,0.0009897332435121666
ep,2019-2022,4560,912,0.015881818270111744,0.15784680389931724,4.766868942305979,8.796058668191777e-05,-0.00017478542732501164
ep,2023-2026,4925,848,0.015917045662550623,0.10263880015704699,2.988886976188818,-0.00031725604206142837,-0.000508308158917787
roe,2016-2018,3161,671,0.014149238226689584,0.15859264714877294,4.108131230450001,0.0010242588378623423,0.000911969979229699
roe,2019-2022,4560,912,0.0019250157508920365,0.019166460827704117,0.5788144238370738,-0.0002653936030149164,-0.00034766388444144896
roe,2023-2026,4925,848,0.0012827309910090877,0.009683432802921053,0.2819858196429157,-0.0005468430205611086,-0.0006107019530290556
profit_yoy,2016-2018,3161,671,0.0060477147523581775,0.1103590641378666,2.858704524445617,0.00029093848736873253,0.00018646453995268842
profit_yoy,2019-2022,4560,912,0.004555774144892135,0.06646931115431526,2.007329176966302,5.78473591578535e-05,-2.1714195519491265e-05
profit_yoy,2023-2026,4925,848,0.0018470825644253475,0.027557507368319054,0.8024867276640811,5.3257531585482795e-05,-1.2088534406141e-05
revenue_yoy,2016-2018,3161,671,0.002069301115817586,0.03490332579702875,0.9041241528608559,-1.5435001028971996e-05,-0.00011602117852424208
revenue_yoy,2019-2022,4558,912,0.0029886894067789275,0.0416410451524861,1.2575319864516148,0.00010413609438084218,2.3939361620362455e-05
revenue_yoy,2023-2026,4925,848,-0.0006033064165613949,-0.007457670396827369,-0.21717064002775,0.00014922686924392393,8.699460310790653e-05
gross_margin,2016-2018,3092,671,0.00613367078680184,0.0696198164952605,1.8034085914089029,0.0003183218617950753,0.00024958596652478445
gross_margin,2019-2022,4468,912,-0.001658736503369794,-0.01861501056894711,-0.5621609912254634,-0.00027451145002724915,-0.0003149154866282889
gross_margin,2023-2026,4832,848,-0.004812930418341138,-0.054246973291410865,-1.5796957068893456,-0.00019439944362164034,-0.00022327107369896887
cf_quality,2016-2018,3161,671,0.004723553465742271,0.08993092984290177,2.329540922060908,0.0002770767011113811,0.00016699370753759095
cf_quality,2019-2022,4560,912,0.004340187788508726,0.10495270931073002,3.169502315316442,0.00018181903886222746,9.90860473382094e-05
cf_quality,2023-2026,4925,848,0.00455344441184713,0.11633048431037321,3.3875948370109605,7.008225393574126e-05,-7.437886362080985e-07
