方法,前瞻期,IC,ICIR,t值,年化毛,年化净,换手
等权,1,0.018322595444103213,0.32119481103643044,16.222722891989918,0.11096143599545605,0.02790522313616836,0.03295881462670146
等权,5,0.028177148611762227,0.4416960085962373,22.30892811385434,,,0.03295881462670146
等权,20,0.04700774994559858,0.7094421603286435,35.83209684418248,,,0.03295881462670146
等权,60,0.07273579061140673,1.2663475848584709,63.95995591525784,,,0.03295881462670146
IC加权（滚动252日）,1,0.024605711956929555,0.3458051802772684,17.05349036480324,0.13942408148424218,0.04086842183788705,0.03910938874855362
IC加权（滚动252日）,5,0.03828764069207617,0.483961010526157,23.866688241427664,,,0.03910938874855362
IC加权（滚动252日）,20,0.061184768595728675,0.7401132552290945,36.49891611453746,,,0.03910938874855362
IC加权（滚动252日）,60,0.09241097141656925,1.2782881503476275,63.03917899065782,,,0.03910938874855362
最大化IR,1,0.021175859777134737,0.3240031898787305,16.364566876291377,0.1258822971162117,0.03421967699742268,0.03637405560269406
最大化IR,5,0.03253524021676953,0.44349906599967004,22.39999590078357,,,0.03637405560269406
最大化IR,20,0.05374243618266154,0.7061127365838091,35.66393622344215,,,0.03637405560269406
最大化IR,60,0.08271755509940316,1.2611701064528333,63.69845481197758,,,0.03637405560269406
