因子,等级,IC,ICIR,t,年化毛,年化净,换手,单调,IC_2016-2018,净_2016-2018,IC_2019-2022,净_2019-2022,IC_2023-2026,净_2023-2026,理由
low_vol_60,✅,0.03666125332776704,0.33958329838172097,16.18284555824179,0.13046697029105753,-0.028413263648646214,0.06304771188083481,4/4,0.028487268123491585,-0.0034167641925070547,0.03750231662863216,-0.015473031201019283,0.04031392250165957,-0.01745392601471535,[价量] 强：ICIR 0.340，三段同号
low_vol_120,✅,0.033457746962148684,0.30601574222858385,14.551040498389067,0.12053732149324968,0.023170952816318008,0.0386374478876713,4/4,0.025489701039765757,0.03959082958594745,0.03399716979277706,0.038170180948264326,0.0371082063516956,0.031280662312098556,[价量] 强：ICIR 0.306，三段同号
rev_20,❌,0.036340614152929426,0.4232835876310461,20.215946153157496,0.24480609708256856,-0.527967342607583,0.3066561268611712,4/4,0.03663929895237273,-0.5425986991438583,0.036191849036733274,-0.5378358349410606,0.037354775559443255,-0.47253542686831124,"[价量] 存在净收益 < -2% 的子区间：['-54.3%', '-53.8%', '-47.3%']"
max_ret_20,❌,0.042374977285349384,0.559163156634137,26.764004395336418,0.13509453460684206,-0.1660120578306269,0.11948674303074165,4/4,0.04001851296674612,-0.11571769648470265,0.04229682280545968,-0.19110431516234655,0.04423207851369359,-0.13072158745095955,"[价量] 存在净收益 < -2% 的子区间：['-11.6%', '-19.1%', '-13.1%']"
idio_vol_20,❌,0.04925555164087999,0.6385128907223827,30.562031154986006,0.24417627702480474,-0.09209619343266198,0.13344145653074077,4/4,0.04875309023051946,-0.00569065695017007,0.04907095008136865,-0.1070150985153703,0.050397970939011924,-0.08258785907203678,"[价量] 存在净收益 < -2% 的子区间：['-10.7%', '-8.3%']"
amihud_20,❌,0.01622710074810325,0.23728989198533434,11.35773635425656,0.10725954259135373,-0.11364177840222853,0.08765925436253265,4/4,0.01113991608658242,-0.12236071942269632,0.01694680085844341,-0.10511245815670832,0.019365379201086327,-0.09349733069888885,"[价量] 存在净收益 < -2% 的子区间：['-12.2%', '-10.5%', '-9.3%']"
turnover_20,❌,-0.023692489189587072,-0.27337320475093296,-13.087697566864973,-0.11583955709729948,-0.21730909950906585,0.04026569143324062,1/4,-0.022466684914618285,-0.25749443030608876,-0.026335099632645388,-0.22005609428362066,-0.021452852570166426,-0.1997783693444482,"[价量] 存在净收益 < -2% 的子区间：['-25.7%', '-22.0%', '-20.0%']"
amt_log20,❌,-0.027946331791787304,-0.3063194644968591,-14.664994375844154,-0.18004826708949934,-0.31110881363422427,0.052008153390763846,1/4,-0.021786787898658122,-0.3264729675802731,-0.027953615932912502,-0.34327339268481044,-0.03145023483383572,-0.2951370794064808,"[价量] 存在净收益 < -2% 的子区间：['-32.6%', '-34.3%', '-29.5%']"
volume_shock,❌,0.02806317735126189,0.47861316123794234,22.86348647095239,0.20870757687685992,-0.10061327988407726,0.12274637173053063,4/4,0.027284191952476354,-0.08276420704059018,0.02768625207190952,-0.09915943992564205,0.029818477780797402,-0.08342522348887643,"[价量] 存在净收益 < -2% 的子区间：['-8.3%', '-9.9%', '-8.3%']"
range_20,❌,-0.046953823434070785,-0.4390762986729797,-21.02070614801476,-0.20854201132775252,-0.47243961298055914,0.10472127049714548,1/4,-0.03798797792350429,-0.5310514868516185,-0.04799270160989986,-0.4912791991128266,-0.050619762555194854,-0.45417810501637085,"[价量] 存在净收益 < -2% 的子区间：['-53.1%', '-49.1%', '-45.4%']"
vol_ratio_20_60,❌,-0.020431612915239507,-0.3802543237691781,-18.121023689136518,-0.08636611733465956,-0.5857010476375666,0.19814878186623291,1/4,-0.018067397586461247,-0.6654237652939119,-0.01901238089026684,-0.5502496622061185,-0.022866472022306003,-0.5838243734076585,"[价量] 存在净收益 < -2% 的子区间：['-66.5%', '-55.0%', '-58.4%']"
skew_60,❌,-0.017082640435401142,-0.37118032192354994,-17.688602038358106,-0.008875045672453091,-0.28704184522387866,0.11038365061564508,1/4,-0.01548408664986938,-0.28906615345718606,-0.015557165613055904,-0.28678051655264347,-0.019396082766291994,-0.291529582743566,"[价量] 存在净收益 < -2% 的子区间：['-28.9%', '-28.7%', '-29.2%']"
ma_bias_20,❌,0.042912363216324106,0.4526739192113574,21.671690012352958,0.24825133603524457,-0.630078009955007,0.34854339126597284,3/4,0.047584800464865615,-0.6560397133964044,0.04279966964138381,-0.6297227618831536,0.03994963494324675,-0.6090658974038081,"[价量] 存在净收益 < -2% 的子区间：['-65.6%', '-63.0%', '-60.9%']"
price_pos250,❌,0.02300097348700108,0.2749543810195834,12.902364335089157,0.09873089201663923,-0.2692878319976594,0.1460391761961502,3/4,0.020066566861629415,-0.27313863615420453,0.025651159040107518,-0.23007638895393737,0.022955091347337322,-0.2566247072176162,"[价量] 存在净收益 < -2% 的子区间：['-27.3%', '-23.0%', '-25.7%']"
drawdown_60,❌,-0.01296498513826636,-0.12430822914963699,-5.938239366505461,-0.08865470337605363,-0.6347689261516012,0.21671199316489984,0/4,-0.017074362566715635,-0.6349317515053289,-0.013913668981791432,-0.6560560856189805,-0.010741357220094484,-0.6388994149601706,"[价量] 存在净收益 < -2% 的子区间：['-63.5%', '-65.6%', '-63.9%']"
illiq_accel,❌,-0.026399840999397527,-0.4478712146174443,-21.437083281238028,-0.28630571571114277,-1.5246084435604939,0.49138997136879004,1/4,-0.032040505097789995,-1.6723416762646817,-0.02440928798647651,-1.5139096864580974,-0.025878497316564445,-1.4622286056700262,"[价量] 存在净收益 < -2% 的子区间：['-167.2%', '-151.4%', '-146.2%']"
bp,✅,0.02415897990152201,0.3303503314676642,16.685144655307294,0.1292594575307531,0.03213763293397895,0.03854040658602149,4/4,0.020278703739989874,0.005544129763390318,0.0236335286333114,0.06594032536749699,0.028190185026693643,0.04018851898341981,[财务] 强：ICIR 0.330，三段同号
ep,❌,0.018823698525983232,0.34126837018623957,17.236586679180387,0.14982887393980357,0.061262830563391074,0.0351452553081002,3/4,0.02429783756368972,0.30136990027184896,0.016069273849575193,-0.006523866330348155,0.01684542200868032,-0.04453338105824487,[财务] 存在净收益 < -2% 的子区间：['-4.5%']
roe,❌,0.00871065927102216,0.1586966279515448,8.015358065230792,0.07013611578409797,0.017604407804603317,0.020845915864878828,4/4,0.01625266735869795,0.28342924852800755,0.0051915004467157745,-0.07300134360942745,0.00621713504354858,-0.09519427800511353,"[财务] 存在净收益 < -2% 的子区间：['-7.3%', '-9.5%']"
profit_yoy,⚠️,0.004503998276590474,0.12547503474176477,6.337420931272712,0.047758577045979765,0.009162455045979963,0.01531592142857135,3/4,0.00634377118046078,0.024975707413269363,0.0042098643344865945,-0.009759005775085119,0.002991820497491655,0.00640019474436682,[财务] ICIR 0.125 < 0.15（方向对但强度不足）
revenue_yoy,⚠️,0.0033772545489765154,0.08972164237845334,4.531609140954582,0.04497752054910013,0.0075314661155888585,0.01485954541012352,3/4,0.004307032311406454,-0.001789171761528395,0.004138241524014379,0.01599082937087872,0.0014445551417241495,-0.002530571293869771,[财务] ICIR 0.090 < 0.15（方向对但强度不足）
gross_margin,❌,0.0022435148834604934,0.04662836708719054,2.355078762700431,0.02356140256403315,-0.0016811105745505317,0.010016870293088762,3/4,0.007101323919359179,0.09885566994657546,0.0006103391943513264,-0.03685616492643903,-0.00013583811754566122,-0.042623251500208875,"[财务] 三段 IC 符号不一致：['+0.0071', '+0.0006', '-0.0001']"
cf_quality,✅,0.003305996490339244,0.18456666083475748,9.321986815915762,0.03991834419829271,0.006447475932238565,0.013282090581767516,4/4,0.0035710900530501375,0.013166479940405554,0.003158267670948835,0.003453821917995637,0.003091689427682138,0.0027717472564852373,[财务] 可用：ICIR 0.185，三段同号
